{
    "prepare_queue": {
        "installed": [],
        "uninstalled": []
    },
    "config_munge": {
        "files": {
            "config.xml": {
                "parents": {
                    "/*": [
                        {
                            "xml": "<feature name=\"Camera\"><param name=\"ios-package\" value=\"CDVCamera\" /></feature>",
                            "count": 1
                        },
                        {
                            "xml": "<preference name=\"CameraUsesGeolocation\" value=\"false\" />",
                            "count": 1
                        },
                        {
                            "xml": "<feature name=\"Console\"><param name=\"ios-package\" value=\"CDVLogger\" /></feature>",
                            "count": 1
                        },
                        {
                            "xml": "<feature name=\"Device\"><param name=\"ios-package\" value=\"CDVDevice\" /></feature>",
                            "count": 1
                        },
                        {
                            "xml": "<feature name=\"SplashScreen\"><param name=\"ios-package\" value=\"CDVSplashScreen\" /><param name=\"onload\" value=\"true\" /></feature>",
                            "count": 1
                        },
                        {
                            "xml": "<feature name=\"StatusBar\"><param name=\"ios-package\" value=\"CDVStatusBar\" /><param name=\"onload\" value=\"true\" /></feature>",
                            "count": 1
                        },
                        {
                            "xml": "<preference name=\"StatusBarOverlaysWebView\" value=\"true\" />",
                            "count": 1
                        },
                        {
                            "xml": "<preference name=\"StatusBarStyle\" value=\"lightcontent\" />",
                            "count": 1
                        },
                        {
                            "xml": "<feature name=\"Keyboard\"><param name=\"ios-package\" onload=\"true\" value=\"IonicKeyboard\" /></feature>",
                            "count": 1
                        },
                        {
                            "xml": "<feature name=\"TTS\"><param name=\"ios-package\" value=\"CDVTTS\" /></feature>",
                            "count": 1
                        },
                        {
                            "xml": "<feature name=\"CameraPreview\"><param name=\"ios-package\" onload=\"true\" value=\"CameraPreview\" /></feature>",
                            "count": 1
                        }
                    ]
                }
            },
            "*-Info.plist": {
                "parents": {
                    "NSCameraUsageDescription": [
                        {
                            "xml": "<string> </string>",
                            "count": 1
                        }
                    ],
                    "NSPhotoLibraryUsageDescription": [
                        {
                            "xml": "<string> </string>",
                            "count": 1
                        }
                    ],
                    "NSLocationWhenInUseUsageDescription": [
                        {
                            "xml": "<string />",
                            "count": 1
                        }
                    ]
                }
            }
        }
    },
    "installed_plugins": {
        "cordova-plugin-compat": {
            "PACKAGE_NAME": "io.ionic.starter"
        },
        "cordova-plugin-camera": {
            "CAMERA_USAGE_DESCRIPTION": " ",
            "PHOTOLIBRARY_USAGE_DESCRIPTION": " ",
            "PACKAGE_NAME": "io.ionic.starter"
        },
        "cordova-plugin-console": {
            "PACKAGE_NAME": "io.ionic.starter"
        },
        "cordova-plugin-device": {
            "PACKAGE_NAME": "io.ionic.starter"
        },
        "cordova-plugin-splashscreen": {
            "PACKAGE_NAME": "io.ionic.starter"
        },
        "cordova-plugin-statusbar": {
            "PACKAGE_NAME": "io.ionic.starter"
        },
        "cordova-plugin-whitelist": {
            "PACKAGE_NAME": "io.ionic.starter"
        },
        "ionic-plugin-keyboard": {
            "PACKAGE_NAME": "io.ionic.starter"
        },
        "cordova-plugin-tts": {
            "PACKAGE_NAME": "io.ionic.starter"
        },
        "cordova-plugin-camera-preview": {
            "PACKAGE_NAME": "io.ionic.starter"
        }
    },
    "dependent_plugins": {},
    "modules": [
        {
            "id": "cordova-plugin-camera.Camera",
            "file": "plugins/cordova-plugin-camera/www/CameraConstants.js",
            "pluginId": "cordova-plugin-camera",
            "clobbers": [
                "Camera"
            ]
        },
        {
            "id": "cordova-plugin-camera.CameraPopoverOptions",
            "file": "plugins/cordova-plugin-camera/www/CameraPopoverOptions.js",
            "pluginId": "cordova-plugin-camera",
            "clobbers": [
                "CameraPopoverOptions"
            ]
        },
        {
            "id": "cordova-plugin-camera.camera",
            "file": "plugins/cordova-plugin-camera/www/Camera.js",
            "pluginId": "cordova-plugin-camera",
            "clobbers": [
                "navigator.camera"
            ]
        },
        {
            "id": "cordova-plugin-camera.CameraPopoverHandle",
            "file": "plugins/cordova-plugin-camera/www/ios/CameraPopoverHandle.js",
            "pluginId": "cordova-plugin-camera",
            "clobbers": [
                "CameraPopoverHandle"
            ]
        },
        {
            "id": "cordova-plugin-console.console",
            "file": "plugins/cordova-plugin-console/www/console-via-logger.js",
            "pluginId": "cordova-plugin-console",
            "clobbers": [
                "console"
            ]
        },
        {
            "id": "cordova-plugin-console.logger",
            "file": "plugins/cordova-plugin-console/www/logger.js",
            "pluginId": "cordova-plugin-console",
            "clobbers": [
                "cordova.logger"
            ]
        },
        {
            "id": "cordova-plugin-device.device",
            "file": "plugins/cordova-plugin-device/www/device.js",
            "pluginId": "cordova-plugin-device",
            "clobbers": [
                "device"
            ]
        },
        {
            "id": "cordova-plugin-splashscreen.SplashScreen",
            "file": "plugins/cordova-plugin-splashscreen/www/splashscreen.js",
            "pluginId": "cordova-plugin-splashscreen",
            "clobbers": [
                "navigator.splashscreen"
            ]
        },
        {
            "id": "cordova-plugin-statusbar.statusbar",
            "file": "plugins/cordova-plugin-statusbar/www/statusbar.js",
            "pluginId": "cordova-plugin-statusbar",
            "clobbers": [
                "window.StatusBar"
            ]
        },
        {
            "id": "ionic-plugin-keyboard.keyboard",
            "file": "plugins/ionic-plugin-keyboard/www/ios/keyboard.js",
            "pluginId": "ionic-plugin-keyboard",
            "clobbers": [
                "cordova.plugins.Keyboard"
            ],
            "runs": true
        },
        {
            "id": "cordova-plugin-tts.tts",
            "file": "plugins/cordova-plugin-tts/www/tts.js",
            "pluginId": "cordova-plugin-tts",
            "clobbers": [
                "TTS"
            ]
        },
        {
            "id": "cordova-plugin-camera-preview.CameraPreview",
            "file": "plugins/cordova-plugin-camera-preview/www/CameraPreview.js",
            "pluginId": "cordova-plugin-camera-preview",
            "clobbers": [
                "CameraPreview"
            ]
        }
    ],
    "plugin_metadata": {
        "cordova-plugin-compat": "1.1.0",
        "cordova-plugin-camera": "2.4.1",
        "cordova-plugin-console": "1.0.5",
        "cordova-plugin-device": "1.1.4",
        "cordova-plugin-splashscreen": "4.0.3",
        "cordova-plugin-statusbar": "2.2.2",
        "cordova-plugin-whitelist": "1.3.1",
        "ionic-plugin-keyboard": "2.2.1",
        "cordova-plugin-tts": "0.2.3",
        "cordova-plugin-camera-preview": "0.9.0"
    }
}