{
  "face_id": "5410001743ab64935982",
  "images": [
    {
      "attributes": {
        "lips": "Together",
        "asian": 0.25658,
        "gender": {
          "type": "F"
        },
        "age": 26,
        "hispanic": 0.41825,
        "other": 0.11144,
        "black": 0.16007,
        "white": 0.05365,
        "glasses": "None"
      },
      "transaction": {
        "status": "success",
        "topLeftX": 390,
        "topLeftY": 706,
        "gallery_name": "MyGallery",
        "timestamp": "1487012582681",
        "height": 780,
        "quality": 0.79333,
        "confidence": 0.99997,
        "subject_id": "Elizabeth",
        "width": 781,
        "face_id": 1
      }
    }
  ]
}
